accuracy,macro_f1,weighted_f1,train_time,inference_time,Configuration Model Matrix
1.0,1.0,1.0,0.012947559356689453,0.0003333091735839844,Logistic Regression with BOW
1.0,1.0,1.0,0.0031456947326660156,0.0004394054412841797,Multinomial Naive Bayes with BOW
1.0,1.0,1.0,0.01632380485534668,0.0003490447998046875,Logistic Regression with TFIDF
1.0,1.0,1.0,0.002537250518798828,0.0003178119659423828,Multinomial Naive Bayes with TFIDF
1.0,1.0,1.0,0.014206886291503906,0.0004229545593261719,Logistic Regression Tuning C_0.1 with TFIDF
1.0,1.0,1.0,0.021257638931274414,0.0003275871276855469,Logistic Regression Tuning C_5.0 with TFIDF
1.0,1.0,1.0,0.02318120002746582,0.0003421306610107422,Logistic Regression Tuning C_10.0 with TFIDF
